REPRODUCTION DOCUMENT — Not an original L&R Mfg. Co. technical publication. Reverse-engineered from direct physical measurement of specimen S/N 13505. Curated by Hobbs R.E. 2026. For restoration reference only.,,,
Part ID,Canonical Name,Aliases,Description
MTR-001,Motor Assembly,,Complete motor unit — upper housing + lower housing + armature + stator + bearings assembled

UH-001,Upper Motor Housing,Upper Housing / Upper Half / Upper Dome,Larger cast-aluminum dome casing; houses stator windings and upper bearing; taller of the two halves
UH-002,Wire Entry,Wire Slot / Wiring Port,Rectangular slot cut through side wall of upper housing; passage for wiring loom to motor
UH-003,Brush Port,Brush Access Port / Brush Hole,Circular port on left and right sides of upper housing; one per side (2 total); accepts brush cap
UH-004,Brush Cap,Brush Cover / Brush Holder,"Cap/holder that seats into the brush port (UH-003) and retains the carbon brush + spring; secured by set screw (UH-005). OBSERVED CONSTRUCTION (R-9, 2026-06-21): a black insulator (phenolic/bakelite-look) cylindrical body with a BRASS contact base - the brass end is the commutator-side electrical contact AND the point where the stator field-coil lead clips on (brush = the field-coil series-circuit connection). Install: push in by finger or gentle rubber-mallet taps. QTY 2."
UH-005,Brush Cap Set Screw,Set Screw,Small screw that retains brush cap in brush port; 2 total (one per brush port)
UH-006,Mount Screw,Mounting Screw,Screw that attaches motor housing assembly to L&R body; 2 total; located in upper housing
UH-007,Vent Opening,Vent / Vent Slot,Teardrop-shaped ventilation opening on top face of upper housing; 4 total
UH-008,Top Shaft Clearance,Top Shaft Hole / Top Bore,Opening at top center of upper housing through which the motor shaft exits
UH-009,Housing Bolt Boss,Threaded Boss / Bolt Boss,Threaded boss cast inside upper housing; receives housing bolt from lower housing; 2 total
UH-010,Upper Housing Foot,Neck Boss / Mounting Foot,"Stepped hollow cylindrical boss at base of upper housing; two-diameter profile — lower section (OD 0.900"" x 0.300"" tall) transitions to narrower register step (OD 0.805"" x 0.200"" tall); total height 0.500""; hollow bore provides oil access channel to upper bearing (BRG-001); sealed by UH-011 oil access cap"
UH-011,Oil Access Cap,Oil Cap / Oiler Cap,Cap that seats on top of the upper housing foot (UH-010); removed by operator to inject oil to lubricate the upper bearing (BRG-001)

LH-001,Lower Motor Housing,Lower Housing / Lower Half / Lower Dome,Smaller cast-aluminum dome casing; houses lower bearing and oil wick reservoir; shallower of the two halves
LH-002,Oil Wick Port,Oil Port / Wick Hole,Cylindrical port hole bored into the lower housing body; receives the brass oil feed tube (LH-006); the port itself is the bore, not the tube
LH-003,Housing Bolt Hole,Bolt Clearance Hole,Clearance hole in lower housing through which housing bolt passes; 2 total
LH-004,Bottom Shaft Clearance,Bottom Shaft Hole / Bottom Bore,Opening at bottom center of lower housing through which the motor shaft exits
LH-005,Lower Housing Foot,Neck Boss / Mounting Foot,Protruding boss at base of lower housing; interfaces with L&R body column
LH-006,Oil Feed Tube,Brass Oil Tube / Oil Feed Tube / Wick Tube,"Thin-wall brass tube pressed into the oil wick port (LH-002); houses an internal oil wick that draws oil from the reservoir and feeds it to the lower bearing (BRG-002). FULLY MEASURED: overall length 1.296"" (CONFIRMED); body OD 0.293"" (CONFIRMED — press-fits LH-002 bore 0.290"", ~0.003"" interference); ID/bore 0.247"" (CONFIRMED, inside jaws); wall ~0.023"" (SYN); installed protrusion 1.000"" (CONFIRMED — seats ~0.30"" into port, does not bottom out in 0.600"" bore)"

FLG-001,Mating Flange,Flange / Split Line / Parting Line,Rim and seam where upper and lower housing halves meet and clamp together
FLG-002,Housing Bolt,Long Bolt / Assembly Bolt / Platform Bolt,"Long bolt that enters through housing bolt hole in lower housing and threads into housing bolt boss in upper housing; clamps the two halves; 2 total. ALSO SECURES THE PLATFORM DISK (PLT-001) + tapered jar seal (PLT-002) beneath the motor — the 2 bolts pass THROUGH two metal standoff tubes (PLT-004) and 2 of the platform's 6 holes; its 3.090"" length spans housing halves + standoff + platform. (The gasket PLT-002 is separately riveted to the disk PLT-001 by 4 rivets PLT-005 in the other 4 holes.) FULLY MEASURED: overall length 3.090"" (CONFIRMED); large domed/ball slotted head, head dia 0.352"" (CONFIRMED); thread #10-32 (CONFIRMED — major dia 0.189"" measured, matches STR-008's #10). Same thread as STR-008 but a much longer bolt with a domed head. CONFIRMED DISTINCT from STR-008 (length 3.090"" vs 1.942""; domed head vs slotted headless); shares the 2.300"" bolt circle"
FLG-003,Bolt Circle,Bolt Circle Diameter / BCD,Imaginary circle passing through center of both housing bolt holes; defines bolt spacing
FLG-004,Flange Register Step,Register / Spigot / Step,Small stepped lip on the lower housing flange that inserts into the upper housing; locates and aligns the two halves concentrically on assembly

SHF-001,Motor Shaft,Shaft / Rotor Shaft / Armature Shaft,Stepped shaft integral to armature assembly; upper journal smaller diameter than lower journal; allows armature to drop in from top during assembly
SHF-002,Upper Journal,Top Journal,Upper section of motor shaft; Ø0.250" x 0.845" long (SYN); seats in upper bearing (BRG-001); exits through UH-008
SHF-003,Lower Journal,Bottom Journal,Lower section of motor shaft; Ø0.280" x 1.875" long (SYN); seats in lower bearing (BRG-002); exits through LH-004; larger diameter is intentional

ARM-001,Armature Assembly,Rotor / Rotor Assembly,Complete rotating assembly — shaft + core + windings + commutator + fan + collars; OAL 5.320" (CONFIRMED); drops into housing from top; NOTE: the stationary field coil assembly inside the housing is the STATOR (STR- prefix) — separate from armature
ARM-002,Armature Core,Lamination Stack / Rotor Core / Iron Stack / Stater,Laminated iron stack that the armature windings wrap around; center of rotor assembly; Ø1.505" x 0.775" long (CONFIRMED)
ARM-003,Armature Winding,Rotor Winding / Coil,Copper wire wound into slots of armature core; varnish-insulated; generates torque when current passes through commutator and brushes
ARM-004,Winding Overhang Commutator End,Wire Gap 1 / End Winding / Coil Overhang,Portion of armature winding that extends beyond the core on the commutator side; tapered cone profile — Ø0.970" at core end expanding to Ø1.300"; stack length 0.480" (SYN)
ARM-005,Winding Overhang Fan End,Wire Gap 2 / End Winding / Coil Overhang,Portion of armature winding that extends beyond the core on the fan side; tapered cone profile — Ø1.300" at core end tapering to Ø0.300"; stack length 0.385" (SYN)
ARM-006,Commutator,Comm,Segmented copper cylinder on upper shaft end; brushes ride on this surface to transfer current to armature winding; Ø0.970" x 0.405" long (CONFIRMED)
ARM-007,Cooling Fan,Fan / Ventilation Fan,Multi-blade cast fan on lower shaft end; draws cooling air through UH-007 vent openings when motor runs; Ø1.300" x 0.325" long (CONFIRMED)
ARM-008,Brass Shaft Collar Upper,Brass Spacer 1 / Commutator Collar,Brass collar on shaft at commutator end; positions and retains commutator on shaft; Ø0.970" x 0.130" long (CONFIRMED)
ARM-009,Brass Shaft Collar Lower,Brass Spacer 2 / Fan Collar,Brass collar on shaft at fan end; positions and retains fan on shaft; Ø0.560" x 0.100" long (CONFIRMED)
ARM-010,Lower Journal Thrust Washer (Stepped),Stepped Brass Washer / Thrust Disc / Shaft Disc,"NEWLY DOCUMENTED PART (not in original dataset). Single stepped brass/bronze disc on the LOWER journal SHF-003 (fan/basket end), riding OUTSIDE the lower housing face — believed to set axial position / end-float (thrust washer). Distinct from ARM-008 and ARM-009, and from the seated bearing (BRG-002/BRG-011 remain in the housing). Stepped profile (confirmed by edge-on photo, NOT two stacked parts). Journal location CONFIRMED (SHF-003, fan end). DIMS: outer step OD 0.8125"" = 13/16"" (CONFIRMED, housing side); inner step OD 0.7825"" ~25/32"" (CONFIRMED, basket side); bore ID 0.2800"" = 9/32"" (CONFIRMED, slip-fits lower journal SHF-003 Ø0.280""). overall thickness 0.1075"" (CONFIRMED 2026-06-15). FUNCTION: liquid/oil SLINGER (REF — WatchRepairTalk forum consensus: the grooved disk just below the motor housing on the shaft is a 'slinger' that keeps jar fluid from wicking up the shaft into the motor; matches our as-found on SHF-003). May also act as a thrust/locating feature. INSTALLED RUNNING GAP (R-9, 2026-06-21): on reassembly leave a small gap between the slinger and the lower-housing face - do NOT bottom it out; target ~0.0255"" (a utility-knife-blade width), taken from the restorer's second L&R unit (the as-found gap was not measured before removal). Press slow/incremental and gauge with a blade/feeler. Bench-confirm optional"
ARM-011,Lower Journal Thrust/Spacer Washer (Large),Red Fiber Washer / End-Float Shim,"NEWLY DOCUMENTED PART (found 2026-06-19). Flat washer on the LOWER journal SHF-003, INSIDE the housing, stacked on TOP of the lower bearing (BRG-002) at the very bottom of the armature. QTY 3 (matched by OD/bore; colors vary tan/deep-red/amber, typical of the stock). PHENOLIC washer (thermoset resin — reddish-brown/amber, the classic phenolic insulating washer), NON-CONDUCTIVE, oil/heat-resistant. (Non-metal CONFIRMED 2026-06-19; material identified as phenolic 2026-06-20.) Armature-specific shim, not a generic hardware washer. DIMS: OD 0.630"" (CONFIRMED); bore ID 0.2850"" (CONFIRMED, slip-fits lower journal SHF-003 Ø0.280""); thickness 0.0170"" each (CONFIRMED). FUNCTION: thrust/spacer shim stack — sets rotor axial height (end-float) so the cooling fan (ARM-007) clears the lower housing floor and spins freely; red fiber also electrically isolates rotor from bearing. Stacked with ARM-012; combined stack thickness 0.0650"" (CONFIRMED). Internal — distinct from external slinger ARM-010."
ARM-012,Lower Journal Thrust/Spacer Washer (Small),Small Bearing-Side Shim,"NEWLY DOCUMENTED PART (found 2026-06-19). Flat washer on the LOWER journal SHF-003, the SMALLEST of the bottom stack, sits CLOSEST to the lower bearing (BRG-002). QTY 1. PHENOLIC (thermoset resin), NON-CONDUCTIVE, oil/heat-resistant (non-metal CONFIRMED 2026-06-19; phenolic ID 2026-06-20). Armature-specific shim. DIMS: OD 0.500"" (CONFIRMED); bore ID 0.2850"" (CONFIRMED, slip-fits SHF-003); thickness 0.0160"" (CONFIRMED). FUNCTION: bearing-side thrust/spacer shim — part of the end-float stack with the 3x ARM-011 washers that keeps the fan clear of the housing floor; smaller OD seats against the lower bearing top collar. Combined 4-washer stack thickness 0.0650"" (CONFIRMED)."
ARM-013,Upper Journal Thrust/Spacer Washer,Upper End-Float Shim (phenolic),"NEWLY DOCUMENTED PART (found 2026-06-21). Flat washers on the UPPER journal SHF-002 (commutator / upper-bearing end) - the upper-end MIRROR of the lower ARM-011/012 set, and likewise missing from the original dataset. QTY 4. PHENOLIC (thermoset resin), NON-CONDUCTIVE, oil/heat-resistant - SAME material as the lower set (CONFIRMED by inspection 2026-06-21; colors vary copper/red/amber/dark, normal for phenolic). DIMS: OD 0.4705"" (~0.470"", CONFIRMED); bore ID 0.2500"" (CONFIRMED, = upper journal SHF-002 Ø0.250"" - slip-fit); thickness 0.0175"" each (CONFIRMED). FUNCTION: end-float / axial-spacing shim stack on the upper journal, riding against the upper bearing (BRG-001) - sets the rotor's top-end axial position (mirror of the lower-journal stack). INSTALL on final join of the housings. VERIFY: whether all 4 are identical OD or include a smaller bearing-side washer like ARM-012 on the lower side."

BRG-001,Upper Bearing,Top Bearing,Self-aligning spherical sleeve bearing in upper position; center bore ID 0.250" matches upper journal. Has an internal top-to-bottom SLIT/channel in the bore — the oil-wick yarn (BRG-008) routes THROUGH this slit (rides inside the bearing), unlike the lower bearing where the yarn rides the outside of the ball (confirmed R-8 install 2026-06-20).
BRG-002,Lower Bearing,Bottom Bearing,Self-aligning spherical sleeve bearing in lower position; center bore ID 0.280" matches lower journal
BRG-003,Bearing Spherical Ball,Ball / Bearing Globe,Spherical outer surface of the bearing that seats into the bearing housing socket; OD 0.560" both bearings
BRG-004,Bearing Center Bore,Bore / Shaft Bore / ID,Shaft hole through center of bearing; upper = 0.250" / lower = 0.280"
BRG-005,Bearing Top Collar,Top Collar / Upper Collar,Upper collar of bearing; sits at top edge of bearing housing socket
BRG-006,Bearing Bottom Collar,Bottom Collar / Lower Collar,Lower collar of bearing; protrudes through bottom opening of bearing housing socket
BRG-007,Bearing Housing Socket,Bearing Socket / Bearing Pocket,Spherical socket in motor housing that receives the bearing spherical ball; self-retaining geometry
BRG-008,Oil Wick Yarn,Wick / Yarn / Oil Reservoir Yarn,Continuous yarn threaded through bearing center bore to contact shaft; wicks oil from reservoir to lubricate journal
BRG-009,Large Felt Washer,Large Washer / Outer Felt,Large felt washer with center cutout; seats at bearing pocket edge; present in both upper and lower housing; blocks dust and contains oil migration
BRG-010,Small Felt Washer,Small Washer / Inner Felt / Felt Tab,"Small felt; LOWER housing = washer with center cutout (sits below bearing, contacts incoming wick). UPPER housing = a solid felt TAB/PAD, no center cutout, only a tiny pin-hole, sitting at the very TOP under the oil cap (UH-011) — oil added on top wets this pad and capillary-wicks down the bearing's slotted yarn to the shaft (confirmed R-8 2026-06-20). Present in both housings."
BRG-011,Metal Retaining Ring,Retainer / Bottom Washer / Retaining Ring,"FRICTION-FIT metal retaining ring at the very bottom of the lower housing bearing pocket; covers/retains the felt washer + wick + bearing so nothing slips out; lower housing only. MEASURED 2026-06-19: OD 0.500"" (CONFIRMED), ID 0.295"" (CONFIRMED), thickness 1/16""=0.0625"" (CONFIRMED). Install: tap flush with a BRASS punch + light rubber-mallet taps, evenly around (no steel/pressure). Needs a drawing callout (was uncatalogued dimensionally until now)."
BRG-012,Bearing Spring,Tapered Spring / Conical Spring,"Tapered conical coil spring; encircles bearing spherical ball at its equator; nested between ball and housing socket wall; present in both upper and lower housings; centers and retains bearing in socket. Replacement: Century Spring SKU TA-2226CS — 302/304 SS, large OD 0.750"", small OD 0.500"", ID 0.375"", free length 0.440"", wire dia 0.0625"", 2.5 coils, left wind, closed ends, 207 lbs/in"

STR-001,Stator Assembly,,Complete stationary field assembly installed inside upper housing (UH-001); 2-pole universal series motor configuration; ONE unified salient-pole core (STR-002) with integral pole shoes (STR-006/007) carrying two field coils (STR-004/005); does not rotate
STR-002,Stator Pole Core (Unified),Pole Core / Salient Pole Core / Field Frame / Back Iron,"Single one-piece laminated electrical steel salient-pole core; has two DISTINCT pole sections (left + right) but is NOT split into separable halves. Continuous top and bottom yoke arcs join the two inward-projecting salient poles with aggressively waisted sides; each pole terminates in an integral pole shoe (STR-006/007), with the field coil seated in the neck between yoke and shoe. The two ""half-moon"" pole regions each measure outer arc 4.000"" (CONFIRMED); yoke radial thickness 0.200"" (CONFIRMED); stack height 0.736"" (CONFIRMED); chord hole-to-hole 2.300"" (CONFIRMED). 4 mounting holes total: 2 pass-through for housing tie-bolts (FLG-002), 2 for dedicated stator mount screws (STR-008). Seats against housing inner bore (outer radius 1.500"")"
STR-003,VOID — merged into STR-002,,"VOID. Stator confirmed as a single unified one-piece pole core, not a split left/right pair. Former ""Field Yoke Segment Right"" geometry is now part of STR-002. ID retained (not reused) to preserve traceability in earlier drawings/CSVs."
STR-004,Field Coil Left,Left Field Coil / Left Winding / Field 1,"Cloth-insulated copper wire coil wound around left pole neck; sits/houses between the yoke back-iron and the pole shoe; generates electromagnetic field when energized; outer arc 2.25"" (CONFIRMED); height 1.65"" (CONFIRMED); radial depth 0.482"" (CONFIRMED)"
STR-005,Field Coil Right,Right Field Coil / Right Winding / Field 2,Cloth-insulated copper wire coil wound around right pole neck; mirror of STR-004; identical dimensions (CONFIRMED)
STR-006,Pole Shoe Left,Left Pole Face / Left Pole Tip / Left Inner Stable,"INTEGRAL salient-pole tip of the unified core STR-002 (not a separate piece) — extends inward from the outer yoke; the field coil sits between yoke and this shoe. Faces armature air gap; concentrates/spreads flux. Outer arc 1.70"" (CONFIRMED); height 0.736"" (CONFIRMED — matches yoke stack); radial thickness 0.045"" (CONFIRMED); inner face radius ~0.773"" (SYN); air gap to armature ~0.020"" (SYN)"
STR-007,Pole Shoe Right,Right Pole Face / Right Pole Tip / Right Inner Stable,Integral salient-pole tip of unified core STR-002; right side; mirror of STR-006; identical dimensions (CONFIRMED)
STR-008,Stator Mount Screw,Stator Screw,"Dedicated screw fixing stator assembly inside upper housing; 2 total (separate from the 2 housing tie-bolt FLG-002 pass-through holes in same yoke). Thread #10-32 UNF (CONFIRMED — major dia 0.188"" measured, 32 TPI); overall length 1.942"" (CONFIRMED, ~1-15/16""); partially threaded (threaded tip + long plain shank); slotted drive end, no hex head. CONFIRMED DISTINCT from FLG-002 (FLG-002 is a separate, longer domed-head tie-bolt); shares the 2.300"" bolt circle"
