REPRODUCTION DOCUMENT — Not an original L&R Mfg. Co. technical publication. Reverse-engineered from direct physical measurement of specimen S/N 13505. Curated by Hobbs R.E. 2026. For restoration reference only.,,,,
Feature Component,Part ID,Upper Housing,Lower Housing,Nearest Standard
Diameter,UH-001 / LH-001,"3.200""","3.000""","Upper=3.1875 (3-3/16) Lower=3.0000 (3"")"
Height,UH-001 / LH-001,"2.650""","1.700""","Upper=2.65625 (2-21/32) Lower=1.6875 (1-11/16)"
Depth,UH-001 / LH-001,"1.850""","1.000""","Upper=1.84375 (1-27/32) Lower=1.0000 (1"")"
Width (Wire Entry),UH-002,"0.950""",,"0.9375 (15/16)"
Height (Wire Entry),UH-002,"0.700""",,"0.6875 (11/16)"
Position — Wire Entry bottom edge (above mating flange),UH-002,"0.500""",,"0.5000 (1/2) exact"
Angular Position — Wire Entry (90 deg from brush port axis),UH-002,Front or rear face,,
Motor Brush Port (ID),UH-003,"0.435""",,"0.4375 (7/16)"
Motor Brush Port (OD),UH-003,"0.530""",,"0.53125 (17/32)"
Upper Set Screw (ID),UH-005,"0.150""",,"0.15625 (5/32)"
Mount Screw (ID),UH-006,"0.300""",,"0.3125 (5/16)"
Oil Wick Port Bore Diameter,LH-002,,"0.290""","0.28125 (9/32)"
Oil Wick Port Bore Depth,LH-002,,"0.600""","0.59375 (19/32)"
Vent Opening Count,UH-007,4 (upper housing only),,
Vent Opening Height (EST.),UH-007,"~0.800""",,"0.8125 (13/16)"
Vent Opening Width — Bottom (wider),UH-007,"0.330""",,"0.328125 (21/64)"
Vent Opening Width — Top (narrower),UH-007,"0.120""",,"0.1250 (1/8)"
Interior Depth — Dome to Bolt Boss Base,UH-009,"1.100""",,"1.09375 (1-3/32)"
Height — Base to Brush Port Center,UH-003,"1.500""",,"1.5000 (1-1/2) exact"
Depth — Brush Port,UH-003,"0.500""",,"0.5000 (1/2) exact"
Shaft Clearance Opening,UH-008,"0.460""",,"0.46875 (15/32)"
Shaft Clearance Opening,LH-004,,"0.500""","0.5000 (1/2) exact"
Bolt Circle Diameter (center-to-center),FLG-003,"2.300""",,"2.3125 (2-5/16)"
Housing Tie-Bolt Overall Length,FLG-002,"3.090""",,"CONFIRMED — ~3-3/32 (3.09375)"
Housing Tie-Bolt Domed Head Diameter,FLG-002,"0.352""",,"CONFIRMED"
Housing Tie-Bolt Thread,FLG-002,#10-32,,"CONFIRMED — major dia 0.189 (matches #10); same thread as STR-008"
Mount Screw Bolt Circle Diameter (center-to-center),UH-006,"2.300""",,"2.3125 (2-5/16)"
Flange Thickness (Upper),FLG-001,"0.095""",,"0.09375 (3/32)"
Flange Thickness (Lower),FLG-001,,"0.080""","0.078125 (5/64)"
Flange Register Step (Lower),FLG-004,,"0.050""","0.046875 (3/64)"
Upper Housing Foot OD (lower section),"UH-010","0.900""",,"0.90625 (29/32)"
Upper Housing Foot Height (lower section),"UH-010","0.300""",,"0.3125 (5/16)"
Upper Housing Foot OD (register step),"UH-010","0.805""",,"0.8125 (13/16)"
Upper Housing Foot Height (register step),"UH-010","0.200""",,"0.1875 (3/16)"
Upper Housing Foot Total Height,"UH-010","0.500""",,"0.5000 (1/2) exact"
Lower Housing Foot OD,LH-005,,"0.750""","0.7500 (3/4) exact"
Lower Housing Foot Height,LH-005,,"0.500""","0.5000 (1/2) exact"
Lower Housing Foot ID / Bore,LH-005,,"0.500""","0.5000 (1/2) exact"
Lower Screw (ID),LH-003,,"0.200""","0.1875 (3/16)"
Upper Screw (OD),UH-009,,"0.350""","0.34375 (11/32)"
Wall Thickness,UH-001 / LH-001,"~0.100""","~0.100""","0.09375 (3/32)"
Oil Access Cap OD,UH-011,"0.880""",,"0.875 (7/8)"
Oil Access Cap ID / Bore,UH-011,"0.805""",,"0.8125 (13/16)"
Oil Access Cap Height,UH-011,"0.290""",,"0.296875 (19/64)"
Upper Housing Foot ID / Bore (oil channel),UH-010,"0.460""",,"0.453125 (29/64)"
Oil Feed Tube Overall Length,LH-006,,"1.296""","CONFIRMED — 1.296875 (1-19/64)"
Oil Feed Tube Body OD,LH-006,,"0.293""","CONFIRMED — press-fits LH-002 bore 0.290"" (~0.003"" interference)"
Oil Feed Tube ID / Bore,LH-006,,"0.247""","CONFIRMED (inside jaws) — wall ~0.023""; ~0.2500 (1/4)"
Oil Feed Tube Wall Thickness,LH-006,,"~0.023""","SYN — (0.293 OD − 0.247 ID) / 2"
Oil Feed Tube Protrusion (above foot),LH-006,,"1.000""","CONFIRMED — tube seats ~0.30"" into port, protrudes ~1.00"" (does not bottom out in 0.600"" bore)"
