REPRODUCTION DOCUMENT — Not an original L&R Mfg. Co. technical publication. Reverse-engineered from direct physical measurement of specimen S/N 13505. Curated by Hobbs R.E. 2026. For restoration reference only.,,,,,,,,,
Feature Component,Part ID,Arc Length (Outer),Arc Confidence,Height,Height Confidence,Radial Thickness,Thickness Confidence,Span Angle (deg),Notes
Stator Assembly,STR-001,—,—,—,—,—,—,—,"Complete 2-pole stator; installs inside UH-001 upper housing bore (inner dia ~3.000"")"
Stator Pole Core (Unified),STR-002,4.000" per pole region,CONFIRMED,0.736",CONFIRMED,0.200" (yoke),CONFIRMED,152.8° per pole arc (SYN),"SINGLE one-piece laminated salient-pole core (NOT split halves). Continuous top + bottom yoke arcs join two inward salient poles with waisted sides. The two ""half-moon"" pole regions each measure 4.000"" outer arc. Outer radius 1.500"" (SYN — seats against housing bore); yoke inner face radius 1.300"" (SYN); chord hole-to-hole 2.300"" (CONFIRMED). 4 mounting holes total: 2 pass-through for housing tie-bolts (FLG-002), 2 dedicated stator mount screws (STR-008)"
VOID — merged into STR-002,STR-003,—,VOID,—,—,—,—,—,"VOID. Stator confirmed as single unified core, not a split right-hand segment. Geometry folded into STR-002. ID retained for traceability, not reused."
Field Coil Left,STR-004,2.25",CONFIRMED,1.65",CONFIRMED,0.482" (depth),CONFIRMED,~122° (SYN),"Cloth-insulated wound coil; sits/houses in the pole neck between yoke back-iron and pole shoe; arc/height/depth caliper-confirmed; fits within housing interior depth 1.850"""
Field Coil Right,STR-005,2.25",CONFIRMED,1.65",CONFIRMED,0.482" (depth),CONFIRMED,~122° (SYN),Mirror of STR-004; identical dimensions (CONFIRMED)
Pole Shoe Left,STR-006,1.70",CONFIRMED,0.736",CONFIRMED,0.045",CONFIRMED,~119° (SYN),"INTEGRAL salient-pole tip of unified core STR-002 (not a separate piece); extends inward from yoke, coil sits between yoke and shoe. Outer face radius ~0.818"" (SYN); inner face radius ~0.773"" (SYN); air gap to armature core ~0.020"" (SYN)"
Pole Shoe Right,STR-007,1.70",CONFIRMED,0.736",CONFIRMED,0.045",CONFIRMED,~119° (SYN),Integral to STR-002; mirror of STR-006; identical dimensions (CONFIRMED)
Stator Mount Screw,STR-008,—,—,—,—,—,—,—,"Dedicated stator-retention screws; 2 total (separate from the 2 housing tie-bolt FLG-002 pass-through holes in the same yoke — 4 holes total). CONFIRMED: thread #10-32 UNF (major dia 0.188"" measured, #10 nominal 0.190"", 32 TPI); overall length 1.942"" (~1-15/16""); partially threaded (threaded tip + long plain shank); slotted drive end (no hex head). CONFIRMED DISTINCT from FLG-002 tie-bolts (FLG-002 is a separate, longer bolt with a large domed/ball slotted head); both share the 2.300"" bolt circle"
SYN GEOMETRY NOTE: Key derivation chain — Housing inner bore ~3.000"" (UH-001 OD 3.200"" minus 2x wall 0.100"") sets yoke outer radius 1.500"". Yoke angle 152.8° = arc 4.000"" / radius 1.500"". Yoke inner radius 1.300"" = outer 1.500"" minus thickness 0.200"". Air gap ~0.020"" assumed standard for small universal motor. Armature core radius 0.753"" from Ø1.505"" (CONFIRMED). Pole shoe inner face 0.773"" = armature radius 0.753"" + air gap 0.020"". Pole shoe outer face 0.818"" = inner 0.773"" + thickness 0.045"". Field coil radial depth 0.482"" originally derived from yoke inner face 1.300"" minus pole shoe outer face 0.818"". UPDATE: field coil arc/height/depth (STR-004/005) and pole shoe arc/height (STR-006/007) are now all CONFIRMED by direct caliper measurement. Pole shoes confirmed INTEGRAL to unified core STR-002. Remaining SYN/EST items: span angles, inner/outer face radii, air gap. STR-008 thread size still outstanding.,,,,,,,,,
